INSERT INTO departamento (id_departamento, nombre) VALUES
(1, 'Desarrollo de Software'),
(2, 'Recursos Humanos'),
(3, 'Ventas y Comercialización'),
(4, 'Atención al Cliente');

INSERT INTO puesto_de_trabajo (id_puesto, nombre, sueldo_base, id_departamento) VALUES
(1, 'Desarrollador Backend', 700000, 1),
(2, 'Desarrollador Frontend', 700000, 1),
(3, 'Analista de Recursos Humanos', 600000, 2),
(4, 'Ejecutivo de Ventas', 500000, 3),
(5, 'Contador', 650000, 3),
(6, 'Especialista en Marketing Digital', 620000, 3),
(7, 'Representante de Atención al Cliente', 480000, 4),
(8, 'Recruiter', 500000, 2);

INSERT INTO certificacion (id_certificacion, nombre, peso) VALUES
(1, 'Certificacion Scrum Master', 5),
(2, 'Certificacion Azure Fundamentals', 4),
(3, 'Certificación en Bases de Datos SQL', 4),
(4, 'Certificacion en seguridad informatica', 4),
(5, 'Certificacion en Desarrollo Web Full Stack', 3),
(6, 'AWS Certified Solutions Architect', 5),
(7, 'Certificacion Administracion Contable', 4),
(8, 'Certificacion Cloud Engineer', 3),
(9, 'Certificacion en desarrollo movil', 3),
(10, 'Certificacion de Gestion estrategica de RRHH', 3),
(11, 'Certificacion de analisis de datos en RRHH', 3),
(12, 'Certificacion en compensacion y beneficios', 3),
(13, 'Certificacion en Sales Master', 3),
(14, 'Certificacion en direccion comercial', 3),
(15, 'Certificacion actualizacion tributaria 2021', 3),
(16, 'Certificacion marketing digital e E-commerce Google', 3),
(17, 'Certificacion en Publicidad y marketing UBA', 3),
(18, 'Curso de atencion al cliente', 3),
(19, 'Curso de gestion del cliente UTN', 3),
(20, 'Certificacion en Linkedin Recruiter', 3),
(21, 'Certificacion HRCI en aPHR', 3),
(22, 'Certificacion W3Cx en accesibilidad', 3),
(23, 'Curso de maquetador web', 3);


INSERT INTO habilidad (id_habilidad, nombre, peso) VALUES
(1, 'Python', 5),
(2, 'Java', 5),
(3, 'Desarrollo web', 5),
(4, 'React', 5),
(5, 'Angular', 5),
(6, 'Bases de datos relacionales', 5),
(7, 'Bases de datos NoSQL', 5),
(8, 'Herramientas de recruiting', 3),
(9, 'Comunicacion efectiva', 3),
(10, 'Capacidad de toma de decisiones estrategicas', 3),
(11, 'Manejo de plataformas de RRHH', 3),
(12, 'Analisis de desempeño', 3),
(13, 'Legislacion laboral basica', 3),
(14, 'arquitectura de software', 3),
(15, 'Accesibilidad', 3),
(16, 'Buenas practicas de UX/UI', 3),
(17, 'Tecnicas de venta consultiva', 3),
(18, 'CRM', 3),
(19, 'Negociacion y cierre de ventas', 3),
(20, 'Manejo de objeciones', 3),
(21, 'Inteligencia emocional', 3),
(22, 'Normas contables(NIIF/IFRS)', 3),
(23, 'Manejo de sistemas contables', 3),
(24, 'Analisis financiero', 3),
(25, 'Presentacion de reportes', 3),
(26, 'Legislacion tributaria', 3),
(27, 'SEO/SEM(Google Ads, Meta Ads)', 3),
(28, 'Content marketing', 3),
(29, 'Analitica web(Google Analytics)', 3),
(30, 'Email marketing y automatizacion', 3),
(31, 'Marketing de redes sociales', 3),
(32, 'Atencion telefonica y por canales digitales', 3),
(33, 'Resolucion de conflictos', 3),
(34, 'CRM', 3),
(35, 'Empatia y paciencia', 3),
(36, 'Gestion del tiempo y prioridades', 3),
(37, 'Busqueda booleana', 3),
(38, 'Entrevista por competencias', 3),
(39, 'Evaluacion de perfiles tecnicos y soft', 3),
(40, 'Employer branding', 3);

/*
INSERT INTO beneficio (id_beneficio, nombre) VALUES
(1, 'Obra Social'),
(2, 'Capacitacion continua'),
(4, 'Flexibilidad Horaria'),
(5, 'Trabajo Remoto Parcial');
*/
INSERT INTO proyecto (id_proyecto, nombre, cantidad_de_integrantes, peso, id_departamento) VALUES
(1, 'Implementación Sistema de Gestión', 10, 5, 1),
(2, 'Campaña Publicitaria 2025', 6, 4, 3),
(3, 'Expansión de Ventas Regionales', 8, 5, 3),
(4, 'Optimización de Costos Financieros', 4, 3, 4),
(5, 'Nuevo Portal de Empleos', 5, 4, 2);

INSERT INTO certificaciones_validas_por_puestos(id_puesto, id_certificacion) VALUES
(1,1),
(1,2),
(1,3),
(1,4),
(1,6),
(1,8),
(1,9),
(3,10),
(3,11),
(3,12),
(4,13),
(4,14),
(5,7),
(5,15),
(6,16),
(6,17),
(7,18),
(7,19),
(8,20),
(8,21),
(2,5),
(2,23);


INSERT INTO habilidades_validas_por_puestos(id_puesto, id_habilidad) VALUES
(1,1),
(1,2),
(1,6),
(1,7),
(1,14),
(2,3),
(2,4),
(2,5),
(2,15),
(2,16),
(3,9),
(3,10),
(3,11),
(3,12),
(3,13),
(4,17),
(4,18),
(4,19),
(4,20),
(4,21),
(5,22),
(5,23),
(5,24),
(5,25),
(5,26),
(6,27),
(6,28),
(6,29),
(6,30),
(6,31),
(7,32),
(7,33),
(7,34),
(7,35),
(7,36),
(8,8),
(8,37),
(8,38),
(8,39),
(8,40);
